site,abs_diffsel,positive_diffsel,negative_diffsel,max_diffsel,min_diffsel
551,38.28711043170692,37.95618798020871,-0.3309224514982107,5.589855383571012,-0.1853185979047032
548,36.927796674680316,35.80717884336765,-1.1206178313126625,4.95202319989478,-0.9660792779963958
552,27.939429328608885,27.17512476315129,-0.7643045654575932,5.930644437951348,-0.3072569112815192
613,25.748518548291347,0.0,-25.748518548291347,0.0,-2.6186788652202817
624,22.599839537973487,1.3943799267196029,-21.205459611253886,1.306245548673845,-2.3516982837226448
462,21.778761734353417,4.646625565372539,-17.13213616898088,1.7998176530961107,-2.1266578578713164
60,21.2573166330039,6.918725339187216,-14.338591293816684,2.2768186048290118,-2.3021480233485554
406,20.999653823256693,0.54504622755584,-20.45460759570085,0.54504622755584,-2.2638019714323847
464,20.64084532647996,2.9198621747828835,-17.720983151697073,1.1257210088305951,-1.9299773616462517
463,20.593945652526656,0.0,-20.593945652526656,0.0,-2.142092178377938
49,20.202834397740197,3.995572453232385,-16.207261944507813,1.4355061188917575,-2.0303170367891807
620,20.17310970687949,2.9688173213360467,-17.204292385543443,1.3562412064534586,-2.203011775384907
110,19.97049424956905,4.357328387804047,-15.613165861765001,2.4250323176728568,-1.9579037290728645
633,19.80483214984432,1.7030550566811842,-18.101777093163133,1.0213458635408923,-2.206060810395934
31,19.720162507251075,1.933308913434273,-17.7868535938168,0.7902687077368225,-2.3546920709680625
600,19.389062332905898,0.04738959066472143,-19.341672742241176,0.04738959066472143,-1.809971980966892
625,19.38308580546204,1.5834809640364593,-17.799604841425584,0.8782186919752498,-2.143655426183306
207,19.36867981073928,16.49587174937752,-2.8728080613617597,2.9382096688049786,-0.8375593362194635
62,19.337954446750377,7.688505068001193,-11.649449378749186,1.9633878218489549,-1.8468958563880928
57,19.264979831704938,2.469559476918254,-16.795420354786682,0.907322046640762,-2.0708757608243635
509,19.250584853218502,1.5573422426634154,-17.69324261055509,0.968058095803682,-2.5157833866648267
465,19.215662107929095,1.665477363972912,-17.550184743956184,1.275285090242301,-2.3795483168907796
80,19.178508119867836,2.8773850132163776,-16.301123106651456,1.7154736753152482,-2.4319806115739246
85,19.15935447950965,4.126125319964027,-15.033229159545622,1.795015476411589,-2.072364277115763
641,19.023557323591643,1.054237315745336,-17.969320007846306,1.054237315745336,-2.2658816226109804
507,18.98977609387451,1.918867945290156,-17.070908148584355,0.9708705737771124,-2.1842153253012877
77,18.945934846669818,3.1271668040956233,-15.818768042574193,1.2128768351310428,-2.0012317578929224
135,18.63969375423863,1.0557110290452258,-17.5839827251934,0.6684363010362164,-2.11508055379906
649,18.594165751877735,0.3564226171400336,-18.237743134737702,0.3564226171400336,-2.433049592880376
415,18.429641009102838,0.397197099623213,-18.03244390947963,0.397197099623213,-2.088786799005909
656,18.309746656953926,0.0,-18.309746656953926,0.0,-2.5385741666608714
575,18.283656152611456,0.0,-18.283656152611456,0.0,-2.6169894122883184
594,18.245887162107245,2.048870106629409,-16.197017055477836,1.5378140074332736,-1.8612891089921169
141,18.211838997429723,2.085682332105089,-16.126156665324633,1.339021396181136,-2.4923593760715272
412,17.97254584451067,1.8460048340733823,-16.126541010437286,1.0033518913285957,-2.410386300032803
121,17.957142351630903,9.10992234882387,-8.847220002807033,3.3676210781756932,-1.3769819909166237
402,17.919347327122548,0.7616400140358892,-17.157707313086657,0.7616400140358892,-2.113012901606356
510,17.83423991481092,0.6270500648393857,-17.20718984997153,0.6270500648393857,-1.8483253641109367
554,17.809897302132306,12.834799967777775,-4.975097334354532,2.4465190494873346,-0.9518943943383732
492,17.802143519136344,3.095018085732249,-14.707125433404096,1.6660568272243517,-2.4817143208757706
87,17.77087290743816,1.2302038835900104,-16.540669023848146,1.2302038835900104,-2.3582829634470333
185,17.68699997621784,0.0,-17.68699997621784,0.0,-2.3801885559789424
65,17.476868478714476,2.3822440979572823,-15.094624380757196,1.599758351796874,-1.9202246781381385
169,17.46239321178117,7.003980769973296,-10.458412441807871,1.861647698426949,-1.6592571676535703
171,17.41771934387977,2.50500244937829,-14.912716894501479,1.6050651229461477,-1.6785264770496224
408,17.411791843645542,2.043700445181947,-15.368091398463594,0.8232443284386083,-2.2082883546640537
638,17.345526864854545,2.2599022680051126,-15.085624596849435,1.1637598725376808,-2.000835380627104
152,17.090861981014292,3.8321152361850683,-13.258746744829223,2.0466582686064894,-2.156899888671976
88,17.022019219009742,0.9238907733569152,-16.098128445652826,0.9238907733569152,-2.031388859988001
82,16.994386980330457,3.1076977859726234,-13.886689194357833,1.0284593352928328,-2.1843525543764595
621,16.98787244319115,2.417591990106687,-14.570280453084463,0.8959703279193679,-1.763983672725972
599,16.982401702962388,0.0,-16.982401702962388,0.0,-2.2492400702746367
461,16.904387639913452,3.732897736778685,-13.171489903134766,0.795430488955867,-2.0543719710494432
478,16.875867819245578,5.572758486351684,-11.30310933289389,1.663864039837271,-2.5831745155279684
409,16.870436089877906,2.314256481191175,-14.55617960868673,1.5137378781253394,-1.9753495605494071
33,16.826824294666654,2.6488189412341745,-14.178005353432484,1.3537847305423378,-1.9147733166605665
32,16.79374444584402,4.128611348828914,-12.665133097015106,0.9379896379745823,-2.0686937573814075
34,16.70284930003718,0.0007524900416218423,-16.70209680999556,0.0007524900416218423,-2.070787461697728
634,16.6550316629715,1.9941597525576178,-14.660871910413883,1.3692246334774505,-1.9264678083408031
99,16.641094040419674,3.502745233809603,-13.138348806610074,1.6050589004622233,-2.0271061876166794
645,16.631889463411785,0.6668715914280756,-15.96501787198371,0.6668715914280756,-1.901142317041792
430,16.578083685497294,11.991002251107652,-4.587081434389642,1.7070922192671845,-1.8159691717762945
399,16.445243034574865,0.0,-16.445243034574865,0.0,-1.6214973916165558
109,16.420111125603277,2.552649581060611,-13.867461544542666,1.274836843838066,-2.0951092425534545
210,16.406899469501703,5.69919377080344,-10.707705698698263,2.1393124319783965,-1.7920947875819742
443,16.40177634988937,3.5530891004919574,-12.848687249397415,1.5544584767550012,-2.3215047206162844
398,16.206588352567092,1.0796970463212312,-15.126891306245861,1.0796970463212312,-2.038109298509485
629,16.107289054198425,2.674337243634562,-13.432951810563864,1.539738408083296,-2.3976323821550505
429,16.101707256408382,11.868521090559,-4.23318616584938,2.0869264636754723,-1.1531208235774724
295,16.031360128793516,3.784562443107333,-12.246797685686184,1.794734284017412,-2.0672252951786008
589,16.0009737205242,1.0421570145819812,-14.958816705942217,1.0421570145819812,-1.617585689239542
407,15.944624175487327,1.5152458441526884,-14.429378331334638,0.7817456528161841,-1.9126097658761183
640,15.940856173401924,2.3482159926992336,-13.59264018070269,1.281648281682808,-2.317604744738828
184g,15.919473546697679,1.33024704197321,-14.589226504724468,1.33024704197321,-2.3887935181938853
557,15.918375965655192,11.079666551782847,-4.838709413872348,2.0331776788349014,-2.238167750416987
616,15.917019243461585,2.51327161400972,-13.403747629451864,0.8778258051501201,-2.000310796268169
112,15.913052001816611,5.996539678564143,-9.91651232325247,1.6991777452917312,-2.3777667083764333
184b,15.802778699334466,1.145423771752173,-14.657354927582295,1.145423771752173,-1.5391451091783008
323,15.761607875374766,3.7771827287257627,-11.984425146649004,1.414907835183357,-2.3110825359661558
556,15.705324807798998,15.134148515028292,-0.5711762927707057,4.295945417646483,-0.4734403696781941
630,15.648874485255078,1.1687769492295168,-14.48009753602556,0.5963839867841225,-2.5017693120407567
140,15.599844328595745,4.905030794927948,-10.694813533667796,1.7362882187248996,-1.583804197494432
133,15.508448580259488,1.4557169280900768,-14.052731652169411,1.0031613142980156,-1.926941129873558
184h,15.506797371823204,1.8371975836127223,-13.669599788210482,1.3539753505970589,-2.147710142369222
433,15.476789677956251,8.23138051380563,-7.245409164150622,1.3475814317881074,-2.2380748604850167
440,15.450912280004616,1.6255612050485369,-13.82535107495608,1.0380581301422471,-1.7648227122847806
504,15.437306475921604,0.9177646341871145,-14.519541841734489,0.7545898386750546,-1.7934025273106249
188,15.433879400303052,1.4001234254766592,-14.033755974826393,1.4001234254766592,-2.0007880951397152
514,15.357155658111322,0.0,-15.357155658111322,0.0,-1.7392714291154092
184f,15.288859711454753,3.4215006064966307,-11.867359104958123,1.4243643110949629,-1.999728003138048
136,15.285751351117424,5.461629500802752,-9.824121850314672,1.7629783250482003,-1.9991800340630943
123,15.263568152488721,3.898171244223969,-11.365396908264755,1.7819483475713604,-1.548304848713617
106,15.244523958028935,1.1623304779572685,-14.082193480071666,0.9100124864624316,-2.02869281538024
111,15.223463148903353,9.988550421144328,-5.234912727759022,2.6972534127265515,-1.805779991218193
325,15.164353801211243,6.304643466385498,-8.859710334825749,1.5371986663650044,-2.0157908720948066
476,15.014312213588743,2.448089330931001,-12.566222882657742,1.4032934246765367,-2.1444357056665853
114,15.011047166816672,2.204512167713099,-12.806534999103572,2.204512167713099,-2.3027558014525
84,14.979839801982887,1.7517551075398174,-13.22808469444307,1.2521098901897636,-1.7258856025544158
699,14.925395958799076,3.664051779195438,-11.261344179603638,1.143579852939452,-1.4864479542829696
132,14.885060822267672,2.4302993986801305,-12.454761423587543,1.68091899443715,-2.2030072037743302
648,14.879972333258644,3.3577957922897776,-11.522176540968866,1.702078330735784,-1.497634465771971
394,14.838906798100433,1.2714064915562302,-13.567500306544204,0.7876815938902828,-2.6671666539865138
460,14.769332039779226,2.898147102494038,-11.871184937285188,1.3840735367118675,-1.6972818324595764
432,14.759334398913557,6.326452710971644,-8.432881687941913,1.3800655252880374,-2.5371834127634205
97,14.735084981229052,0.0,-14.735084981229052,0.0,-2.3341185972806504
119,14.67175891459571,8.537376845846246,-6.134382068749464,1.7108529342498138,-1.0624014300222615
216,14.657084463368063,1.9647852666153476,-12.692299196752716,0.5753242789623348,-2.6317796630411667
413,14.649254616221924,2.079962783509627,-12.569291832712295,0.932756623898146,-1.7595417042626262
484,14.640955220882255,1.8276469907107995,-12.813308230171454,1.827554238467269,-1.7584366523078554
186,14.596797134159644,3.4381398286511744,-11.15865730550847,1.522661022285425,-2.3781879348175257
515,14.580287935034537,0.0,-14.580287935034537,0.0,-2.3770507767022933
490,14.568559011056852,2.404979195045368,-12.163579816011483,1.4545841814861862,-1.7660230497234637
372,14.55222235318822,3.3855880738552315,-11.166634279332989,2.005334419853339,-1.9751813808569687
318,14.504290254174418,4.521309181227605,-9.982981072946814,1.4471889510359737,-1.6919307860085966
644,14.446965397931297,1.5308695309723397,-12.916095866958958,1.0216473433583078,-1.848469958025286
206,14.44077753392586,3.3251572755321996,-11.11562025839366,1.91975290156505,-1.7936383826719144
611,14.398820989072409,1.3185765075066687,-13.080244481565739,1.1871883809020165,-2.2079578862090306
411,14.314465728129484,2.1102931562908545,-12.20417257183863,1.1576888975282364,-1.6861052607807203
184c,14.313581307412004,3.890980952920343,-10.42260035449166,1.69656620945454,-1.5159166424174135
348,14.310427201055385,1.9419298800473321,-12.368497321008054,1.1114042682525922,-2.093812576659396
403,14.3031417520511,6.025572981228925,-8.277568770822176,1.4088087085339442,-1.195564407254296
232,14.265036450029465,1.5473232014155507,-12.717713248613913,1.3914435260125548,-2.1122176729103934
652,14.202183895502253,0.0,-14.202183895502253,0.0,-1.7688647292721875
639,14.167669169255756,2.633688011172757,-11.533981158082998,1.5715944667171584,-2.321832548068131
485,14.134973544730789,2.4314364253245646,-11.703537119406224,1.1225994779156512,-1.6772519949991007
667,14.131292167122494,3.593899129515069,-10.537393037607426,1.9515689464095936,-1.4837839811026388
362,14.036139372057313,4.058444124675788,-9.977695247381526,1.927082286622701,-2.127146405679197
431,14.021216193373085,10.046833150282316,-3.9743830430907696,2.0147781559919293,-0.9986561210849184
316,13.999276847965707,4.1728071691233986,-9.826469678842308,1.3193157294050193,-1.945408823924275
702,13.963680675153686,1.6085597360558375,-12.355120939097848,1.3295214108324598,-1.926559127916304
424,13.954151708739357,7.477143798014666,-6.477007910724691,1.914245828362896,-1.6770497603992345
184d,13.892862631311958,0.8381123513797891,-13.054750279932167,0.7496942062268077,-1.4239919561434786
436,13.764652177446902,6.6908822529529,-7.073769924494003,2.0406231957267424,-1.144907977403037
124,13.752861096608063,4.128320110913964,-9.624540985694098,2.4072461762750943,-2.0260469302062734
211,13.741059596906004,0.0002363220388036326,-13.740823274867202,0.0001181610194018163,-1.679582748903332
81,13.720116138943526,3.831298123942694,-9.888818015000831,1.4735909136855403,-1.4519091941966038
340,13.69033444871953,2.6497107057640576,-11.040623742955473,1.100309983807322,-1.534590454529833
632,13.65776260249532,0.8819044499476987,-12.77585815254762,0.5399149545822137,-2.7245120438083354
208,13.49756705822378,3.8069550329862345,-9.690612025237547,2.0037576099236434,-1.6848041755371024
75,13.484373182733554,3.5668882560222253,-9.91748492671133,2.5195103419747613,-2.044757742258029
51,13.464101483445798,0.5255701687799562,-12.938531314665843,0.5044028860882765,-1.999984323280741
636,13.442749981276,1.3469856009985846,-12.095764380277418,0.5699670581278299,-1.9998079862470863
698,13.409194494814868,2.825868596321633,-10.583325898493236,1.0044602481636395,-1.5802828270807527
358,13.408361908547187,2.0705479965812583,-11.33781391196593,1.5600991874882837,-1.812282674372253
221,13.338228314177426,7.987381630333645,-5.350846683843782,2.3373831112307246,-2.2433327324028483
481,13.314002073193008,2.885682381047326,-10.428319692145683,1.2096882917663578,-1.3401447447491868
166,13.263722017966618,3.0295676488607852,-10.234154369105834,1.2588887340802275,-1.9282187770903256
512,13.256773229604054,0.2214224417353233,-13.035350787868731,0.2214224417353233,-1.9219342781661743
63,13.236192851977552,1.1237441039393556,-12.112448748038197,0.8981188337243324,-1.942698408015744
120,13.208031896666826,0.0,-13.208031896666826,0.0,-1.9831613475638807
474,13.166415194132805,3.188596487985479,-9.977818706147326,1.6570726293592744,-1.5073064483901455
178,13.09953820869915,1.2865414051658717,-11.812996803533279,0.6601628874804942,-2.4096336137488183
118,13.087575867607027,6.617626972892261,-6.469948894714768,1.990425242632753,-1.5069428514538414
401,13.081138091844265,3.0354315235148825,-10.045706568329383,1.0726903877008054,-2.151651979499573
442,13.043561110071096,2.898674594446396,-10.1448865156247,2.022562781637393,-1.4840372165419105
117,13.037661480303765,3.29746634605182,-9.740195134251946,1.5043941676757702,-1.547191961184209
339,13.024950281331801,0.0,-13.024950281331801,0.0,-1.559797633041839
268,13.024197261831532,0.0,-13.024197261831532,0.0,-1.2661898147878003
612,13.01031551692038,1.315034947343877,-11.695280569576505,1.2776541163382902,-1.5838531053775549
397,12.975871550411838,4.727058562613436,-8.248812987798404,1.8247752112243616,-1.9115980198213645
56,12.957585803899148,3.1340140637959832,-9.823571740103166,1.8949151873741468,-1.7242958581548278
657,12.908503530862188,1.8820283712464878,-11.026475159615702,1.1927249323002067,-1.8481624051298329
130,12.860685300692671,0.9669947684531449,-11.893690532239525,0.544887681039481,-1.7693123439569978
254,12.85910368330751,8.358320110746494,-4.500783572561014,2.1401360203894426,-1.1197305087964993
72,12.847542806518856,2.124944248095184,-10.72259855842367,2.124944248095184,-2.2557017374276542
695,12.806950084740679,1.3811047189829098,-11.42584536575777,1.0926537792771664,-2.1375767885404224
213,12.790722461065235,5.601077941019922,-7.1896445200453165,2.3189588712205365,-1.3794517683381322
240,12.7744463907379,2.002404420463575,-10.772041970274325,0.7735192377252874,-1.988285917502833
693,12.771374506927158,4.881546975521214,-7.889827531405944,1.6273266513526807,-1.4055263205936313
420,12.72977421836494,0.553078923948668,-12.176695294416271,0.553078923948668,-1.5927903082391242
516,12.721112463964438,0.0,-12.721112463964438,0.0,-1.8427115900023807
410,12.702711641985994,2.0063716102640283,-10.696340031721967,1.078319777194925,-1.7131937385331584
471,12.677097093960267,3.7830415409918103,-8.894055552968457,1.3048051030201726,-1.6975412970940817
227,12.66963461833345,1.6467740068170107,-11.022860611516439,1.6467740068170107,-1.4793002269851712
138,12.63711734202971,1.4059507771348345,-11.231166564894876,1.4027950770038324,-1.713097395128782
58,12.631514185186033,6.597473224099893,-6.03404096108614,1.7832408655349172,-1.2754186913394596
293,12.610442362961285,0.5159566600677445,-12.094485702893541,0.4384770163000027,-1.6667687641515505
438,12.472860924559614,1.2169677468329234,-11.25589317772669,0.7757950137847258,-2.1961389629267893
113,12.472492600955702,1.1129138441898117,-11.359578756765892,1.1122149595959236,-1.7212250744597817
360,12.42416810387198,2.785878847725775,-9.638289256146205,1.5873671876205582,-1.4137800947465404
396,12.410294291492093,0.7197889256137914,-11.690505365878302,0.5524802168363713,-1.619562125079653
230,12.392037947108705,1.8889235280362748,-10.50311441907243,1.1201415981858769,-1.4111565573187204
328,12.350241543726364,2.26548896655276,-10.084752577173605,1.1756152460904303,-1.6177643742705785
363,12.291171508206007,3.085651323712576,-9.205520184493432,1.4668514160740496,-2.096236426278823
393,12.24074873913122,2.326455559929232,-9.914293179201987,1.4903287434184451,-1.6865954077949934
373,12.223028089217621,3.945491942907675,-8.277536146309947,1.7305738345829242,-1.895623231864252
234,12.214747974939304,0.8214984923941809,-11.393249482545123,0.8214984923941809,-1.5910815989731135
46,12.21145255457654,2.2317990186260532,-9.979653535950488,0.8990511606719453,-1.7182992852186132
330,12.155043710976607,0.4106355795757991,-11.744408131400807,0.4106355795757991,-1.9885607194738304
609,12.13320216857741,0.40103466070613697,-11.732167507871273,0.40103466070613697,-1.3056039280509246
577,12.115982791544484,5.796064268578549,-6.319918522965935,2.9491398608567674,-1.5889368791766978
252,12.09463303900472,2.5321533602819493,-9.56247967872277,1.6336078099869535,-1.4666012002338564
658,12.093997412717957,2.6573646340627506,-9.436632778655209,2.357887906110606,-1.338083595708012
70,12.090675874531804,5.34805059244658,-6.742625282085225,2.129260898984017,-1.4468858458649576
446,12.088787438710208,0.06573426012923209,-12.023053178580975,0.043945808469653035,-2.321704681099656
405,11.988839896249226,1.1117243685985256,-10.8771155276507,0.41689544730994055,-1.8482680102869844
195,11.971115598154508,4.755751022386537,-7.215364575767975,2.074688405149878,-2.0581558359133902
214,11.95711046916441,1.9535477733394624,-10.003562695824947,1.2947470397361922,-2.2454613400716146
500,11.918126061227166,2.2619976990496253,-9.656128362177542,1.01559131721851,-1.7059032074809817
102,11.872878051324609,0.8474178290193582,-11.02546022230525,0.4491189299381649,-1.4855544432808334
618,11.861448826932644,2.827754346938677,-9.033694479993967,1.0365900858822945,-1.9988122669635555
306,11.82469406086256,2.3163719901571227,-9.508322070705441,0.8805254725922355,-1.479181628810678
44,11.756104651178129,0.761681290955142,-10.994423360222987,0.761681290955142,-2.4379171623480707
425,11.752808189429246,2.4894084851374174,-9.263399704291826,1.448849926637648,-1.2614653777549445
426,11.67563011796928,5.272838958442965,-6.402791159526316,2.0522533594116967,-1.13594364855097
47,11.646523778550078,1.877689581866211,-9.768834196683864,1.4154336308946285,-1.433124759451165
696,11.63406631830402,2.644931011630091,-8.989135306673928,1.5308929293262223,-1.2624781169769648
352,11.551633301440125,2.975030370019767,-8.576602931420357,1.5011591395998105,-1.910719027080951
103,11.53505315989503,0.9310823268967482,-10.603970832998282,0.9310823268967482,-1.4508849117511995
441,11.514877937417886,2.170293998089502,-9.344583939328382,1.0158279473365677,-1.7819514054215262
347,11.429103257858296,2.746904734345253,-8.682198523513042,1.095962439129721,-2.019841668353226
659,11.417069872158605,0.7795931432134263,-10.63747672894518,0.6720748012089838,-2.5859193748801736
341,11.390567746430122,0.7685215785235591,-10.622046167906564,0.7685215785235591,-2.1870323587101126
337,11.352903291908957,2.349233789927122,-9.003669501981834,0.7916527793550319,-1.6954334762909151
417,11.347138538294606,0.3505046308507339,-10.996633907443872,0.3505046308507339,-1.9054291115509665
137,11.290085353810008,1.5483747762808557,-9.741710577529153,1.4235934381289543,-2.2466649097773854
585,11.259394433821772,5.3218734585845064,-5.937520975237266,1.8167471341589665,-1.614002569526631
560,11.249720468482792,5.47946569991384,-5.770254768568954,2.850024923080316,-1.4221886510450188
607,11.214121058155358,0.5673435366889825,-10.646777521466376,0.5673435366889825,-1.4602945998204635
392,11.207427822368832,3.6450868930917775,-7.562340929277054,1.1122974721092251,-1.1426208250536891
344,11.186088192030251,3.2655713942668596,-7.920516797763392,1.4984347638049298,-1.5333458348224795
369,11.132166556769791,1.920719792137291,-9.2114467646325,1.1607723026812793,-1.4458127992802885
229,11.0768494512481,2.728160666444901,-8.348688784803201,1.0522976977423963,-1.732166814104704
619,11.075223961838699,0.15634513543298098,-10.918878826405718,0.15634513543298098,-1.292590151090364
241,10.996305764881953,0.1504757000732252,-10.845830064808727,0.1504757000732252,-1.6053686108840122
161,10.993969123679436,2.6835375123257057,-8.31043161135373,1.3038183806711514,-2.2172878098191826
94,10.988767655504628,0.009133031996670609,-10.979634623507957,0.009133031996670609,-1.549394169014343
343,10.981353654266847,5.082804282952223,-5.898549371314622,1.89567079423142,-1.0758501496170378
595,10.97600308334138,2.4492722053183966,-8.526730878022985,2.4492722053183966,-2.7557375278051066
480,10.909295404006476,2.668216557532516,-8.241078846473963,1.6959869785379809,-1.6697370063614765
223,10.906581613512357,0.0,-10.906581613512357,0.0,-1.933063703406499
513,10.88499767451927,0.8691714494253774,-10.015826225093893,0.8688380519368736,-1.7298791530358681
326,10.851224876776588,0.30219866559062203,-10.549026211185964,0.30219866559062203,-2.096185651751984
285,10.841286858757494,2.7504394951731075,-8.090847363584388,1.5002229540295384,-2.1410393948993858
637,10.816304112877209,0.9037336770601404,-9.912570435817068,0.53482949705117,-1.5440020702848232
160,10.793785343739764,1.8905478102235784,-8.903237533516185,0.9650529909367134,-1.4832299229617716
215,10.76355925124864,1.1636133145758667,-9.599945936672778,1.1617616003229505,-1.9605547719638536
194,10.75519173068286,0.28650611537421805,-10.468685615308642,0.28650611537421805,-1.3208034863870106
550,10.734409982786765,6.170351579941946,-4.56405840284482,2.1760333783399943,-1.1691390226335978
173,10.721953539010267,3.4666324003662257,-7.255321138644044,2.29269354886231,-1.378247399100405
115,10.708712879350532,0.7689692053737832,-9.939743673976748,0.609714930728348,-1.3433751976985313
335,10.647800147918682,1.1213624876560042,-9.526437660262678,1.1213624876560042,-1.1967757872322171
243,10.626226409522989,0.6872347581460421,-9.938991651376947,0.6872347581460421,-1.4214203464848938
700,10.605297170026553,0.5506020167574329,-10.05469515326912,0.5506020167574329,-1.4986510766854382
189,10.592869481014585,0.6084170600403893,-9.984452420974197,0.6084170600403893,-1.8757034509673072
479,10.586057882777045,6.105175351804454,-4.480882530972594,2.1425995319974662,-0.8995064365139398
155,10.547996576635374,1.251534672843946,-9.296461903791428,0.9620777893319166,-1.4856035535860963
190,10.497209520275721,0.12218832528088125,-10.37502119499484,0.12218832528088125,-1.4259957676676356
50,10.495999021183483,0.5408196536518823,-9.9551793675316,0.5408196536518823,-1.808982402768826
439,10.492929087460846,0.0,-10.492929087460846,0.0,-1.76632053462709
694,10.477756513137013,0.5161137000058575,-9.961642813131155,0.5161137000058575,-1.6464343771560839
61,10.46766248469205,3.5315616501999787,-6.936100834492073,1.4505819331756182,-1.5687142867136106
183,10.373788001119959,3.9810609090384417,-6.392727092081516,2.0365445026204188,-1.0849045903230785
655,10.351416637865514,1.2678808945855622,-9.08353574327995,0.9303580204672579,-1.3942233638625103
671,10.347882636721117,0.0,-10.347882636721117,0.0,-1.4547323750000387
151,10.289786808887056,0.22811250640024094,-10.061674302486816,0.22811250640024094,-1.511448718963769
197,10.284977725285971,1.2353703879800608,-9.04960733730591,1.2346397889283738,-1.4149875562075422
384,10.241803629804783,1.7954138581293606,-8.446389771675424,1.0978704731128368,-1.4466975912638986
90,10.217766489273599,1.7463204013810625,-8.471446087892534,0.9498908226091236,-2.1601215790647808
184a,10.212164729234283,1.3976090479317045,-8.81455568130258,1.3976090479317045,-1.1823826484432551
48,10.205277584054818,3.0956908116186845,-7.1095867724361375,1.7770432193054824,-0.8484084284310134
590,10.14319738624247,3.108450883464136,-7.034746502778334,1.3308366613922478,-1.2872829411775224
605,10.130428550278424,1.3500581043848099,-8.780370445893613,0.498538607169734,-1.4877999302200138
67,10.106114142432197,0.8992391017349387,-9.206875040697257,0.7858798112177352,-1.9758673271416345
322,10.104524184808014,0.7184646541295294,-9.386059530678484,0.4886266546263788,-1.5007768727984032
200,10.074306420744675,3.87575106702327,-6.198555353721404,2.4322802685945284,-0.999852839803864
519,10.054583794610819,0.0,-10.054583794610819,0.0,-1.6450386696810566
553,10.007904401543371,6.801434822482317,-3.2064695790610536,2.7529690863874627,-0.8570833311418131
267,9.979293345081008,1.5848931686523093,-8.3944001764287,1.0820128326252316,-1.2271169122401206
665,9.960243198939184,0.8518048194740417,-9.108438379465142,0.5195813543480086,-1.5854357922891862
581,9.958311860931536,0.0003176578951707068,-9.957994203036364,0.0001588289475853534,-1.8477068024118928
684,9.95158924466533,1.0842194928217368,-8.867369751843594,1.0842194928217368,-2.2636742527168474
626,9.920923681081446,0.594339755109865,-9.32658392597158,0.3469486630872997,-2.3154193016311484
108,9.906212824193664,1.8273114534117834,-8.07890137078188,1.3225882836882776,-1.3673545935299052
290,9.83522725412762,0.0,-9.83522725412762,0.0,-1.0174745372469025
271,9.791958431177225,2.094351955724433,-7.697606475452793,1.2557283685958482,-1.5285910670935567
187,9.739683809501113,1.645057137832733,-8.094626671668381,1.0763490474811204,-1.52133505265211
255,9.71178182951929,7.681107317667735,-2.0306745118515535,1.946427417688216,-0.5938008154314972
264,9.701513971231188,4.215925382180498,-5.4855885890506935,1.3498331420423215,-1.301770299389251
475,9.700210488462202,6.470174852507396,-3.230035635954808,2.2569525445201744,-1.1215620354925435
92,9.683001593291179,0.0,-9.683001593291179,0.0,-1.4776715948684784
212,9.676055140989767,3.4410978485192985,-6.234957292470467,1.4782146823184696,-1.2762677270969525
68,9.667351251339058,3.5780596872245445,-6.0892915641145136,1.8177556399781816,-1.0786038571664254
249,9.657020222193454,1.9039133445085334,-7.753106877684918,1.307258527657299,-1.2661086124952792
664,9.64451832689188,0.9075988796202592,-8.736919447271625,0.7597313221566433,-1.5001757702956184
404,9.640538247908703,0.8563359507888368,-8.784202297119867,0.8563359507888368,-1.5071598200642649
674,9.620253717987108,0.1865683562756883,-9.43368536171142,0.1865683562756883,-1.677801118431989
269,9.609924195278992,2.202566819114808,-7.4073573761641835,0.93424165843681,-1.2204500685378503
231,9.59983014258876,0.3526940966935748,-9.247136045895186,0.3526940966935748,-1.3405579274822872
615,9.592802324468156,0.21082198354349307,-9.381980340924663,0.11367352137406796,-1.7448523815538732
64,9.507833435795316,8.117978470879995,-1.3898549649153198,2.5383596781733835,-0.4835319296003366
320,9.484478394337872,2.639834440074769,-6.844643954263101,1.438026726658585,-1.2089829504135683
83,9.479598320358273,1.9256303841309705,-7.553967936227301,1.0866901294387097,-2.000086650135573
381,9.444816182847966,5.266556148578096,-4.17826003426987,1.6651264041336915,-0.9704699217386704
104,9.437099512194038,0.0,-9.437099512194038,0.0,-2.1611515535544514
53,9.433201516441343,4.3395780728564155,-5.093623443584928,2.258166497961257,-1.0808491394219524
568,9.425175793895772,0.0,-9.425175793895772,0.0,-1.3675883054087252
236,9.310718874808769,0.0,-9.310718874808769,0.0,-1.5643512405299873
565,9.288013186252487,1.4580888929123241,-7.829924293340164,1.4566539149664546,-1.6441592226335169
76,9.26989666304603,7.091351090056431,-2.178545572989598,2.534332302156048,-1.3436729004239951
217,9.224966285660388,1.251504683198058,-7.973461602462332,1.251504683198058,-2.000047603799337
573,9.22191668966542,0.0,-9.22191668966542,0.0,-2.1698189934418
142,9.20309904213362,0.3019796972460511,-8.901119344887569,0.1599951145710052,-2.1276675640598595
300,9.18024482221903,3.34778803207725,-5.832456790141781,2.1960395041080285,-1.1251638897446226
204,9.175086869497685,0.6654332519572552,-8.50965361754043,0.5851889712000371,-1.7844870713238523
78,9.16718520909396,4.113901824349741,-5.053283384744219,1.3914645479050378,-0.9779416781245672
524,9.164222960527429,0.0923736010301742,-9.071849359497254,0.0923736010301742,-1.6451566683314305
66,9.164154876202426,1.3780333344638505,-7.786121541738577,0.8408547625640722,-1.3429844743684565
308,9.150347330379123,3.6445416007491938,-5.505805729629931,1.1375622323630543,-1.1019429490031394
434,9.057500161557853,0.5817258240738683,-8.475774337483985,0.5795896205132004,-1.957213429162708
209,9.053395151208637,0.5406097950450341,-8.512785356163603,0.5406097950450341,-1.138231754402334
297,9.047015716170298,3.045883974663538,-6.001131741506761,1.3339409665726218,-1.8400969089952488
455,9.020130151891909,1.8131496839311303,-7.206980467960779,1.2709432538566543,-2.1617318268019368
355,9.004641866755312,1.4129872010824873,-7.591654665672824,1.4111769833272452,-1.0230142583386657
351,9.001105635688589,1.5324427406703416,-7.468662895018247,0.8504229975494904,-1.0243759330342286
688,8.992747432864249,1.2149489014541957,-7.777798531410052,1.2144107843675411,-1.8483390473067969
95,8.958815002095895,0.6290026619933513,-8.329812340102542,0.6281896734898471,-1.450470375993565
437,8.948769739430997,0.8899239380232786,-8.058845801407719,0.8679912868477688,-1.296575479143511
105,8.944827656737926,2.754610605365374,-6.190217051372553,1.765366103436382,-1.716825736187845
495,8.915417385496426,0.0,-8.915417385496426,0.0,-1.7079540814249743
419,8.90688895007489,0.40398986036905793,-8.502899089705833,0.21312817502956174,-1.9268766451679509
643,8.889688728250084,4.438511304661769,-4.451177423588315,1.8079240671776835,-1.35887311543852
668,8.887736834748205,1.8511710996721271,-7.036565735076078,0.9893519347837684,-1.2316635946450412
518,8.859172478050958,0.23406001947360094,-8.625112458577357,0.23406001947360094,-1.9321235069955665
246,8.855831109902148,0.0,-8.855831109902148,0.0,-1.247490817424708
350,8.850690456649515,0.11665158667841515,-8.7340388699711,0.11665158667841515,-1.142666983619259
71,8.838941131890712,1.6837562305156282,-7.155184901375083,1.5740441318538707,-1.3414831741770152
134,8.835485586994036,0.9711157963600163,-7.86436979063402,0.9693841132904484,-1.6611325946509592
561,8.82093147022462,6.177196603265243,-2.6437348669593765,2.6505174730180583,-0.457895454961571
164,8.791923094854328,0.3306805219274506,-8.461242572926876,0.3306805219274506,-1.3793129182745305
386,8.779046458793994,2.8965228894233044,-5.882523569370691,1.3152568363770196,-1.3531558810735025
388,8.763461159734218,1.3228359683861557,-7.440625191348062,1.2886520159830654,-0.8966118022776548
357,8.754492389874391,0.9200755518212572,-7.834416838053132,0.9200755518212572,-2.073140597602268
287,8.742004824402194,2.2489949159585407,-6.493009908443654,0.997828339948638,-0.8214238052804328
304,8.722366392633454,3.596788246009017,-5.125578146624437,1.1057097609912927,-1.2077819875009008
502,8.7071885255792,0.14412931007359345,-8.563059215505605,0.14240821934047354,-2.1072059209157534
697,8.706294128897477,2.5683041715251305,-6.137989957372346,1.3167350696476243,-1.7657258354007306
86,8.677939035990994,0.09717756920489118,-8.580761466786102,0.0971186330436126,-1.6349959710881543
444,8.67574007275937,0.2640650818934939,-8.411674990865874,0.20271798883670214,-1.2021745720241448
491,8.67420659321297,0.0,-8.67420659321297,0.0,-1.698046948195163
448,8.623822673219783,1.0937493387828732,-7.530073334436908,1.093592724112804,-1.509326864952812
549,8.58653107320659,7.279637176726694,-1.3068938964798957,2.8897120982078297,-1.099788349536186
356,8.505120467389036,1.8862049335667541,-6.618915533822281,1.3663478989447393,-1.141827023121281
570,8.395632443706118,2.9433284529685375,-5.452303990737582,1.444721059246293,-1.6477546248097066
586,8.369824998004178,0.0,-8.369824998004178,0.0,-1.4595755196969642
374,8.366470608095096,0.6092746078026089,-7.7571960002924865,0.6092746078026089,-1.533516983872711
153,8.30644039233293,0.1398731994724699,-8.16656719286046,0.1398731994724699,-1.2218399503532151
98,8.296069227050529,1.9153812163757689,-6.38068801067476,1.91525234814383,-1.1995723905780729
89,8.261263305367997,0.31544305984984866,-7.945820245518148,0.31544305984984866,-1.5984521384074568
278,8.24023063449698,2.063062255910801,-6.17716837858618,1.7066639089480269,-1.4775249380413815
647,8.212482146236079,0.7133162255904054,-7.499165920645673,0.7133162255904054,-1.4928111201403929
336,8.201057285775148,0.0,-8.201057285775148,0.0,-0.8957181125718633
184e,8.157470683003497,2.3811128310206557,-5.7763578519828425,1.8320912320033191,-1.1363376243404868
224,8.129072278258556,1.6910455824999544,-6.438026695758603,1.2757108642813022,-1.1788450204619558
198,8.126553009408033,0.0,-8.126553009408033,0.0,-1.3215650568534725
543,8.123634420868347,1.3988881055479325,-6.724746315320415,1.3988678865712962,-0.9068565141637588
327,8.113628826701074,2.9203468484962425,-5.193281978204831,1.6010832074521582,-1.350159002137285
101,8.078147004085777,0.6664432367607891,-7.411703767324987,0.6664432367607891,-2.647141344848822
534,8.060755637718241,1.3342126137687464,-6.726543023949495,0.984026295711683,-1.9048450717798893
452,7.978104992302751,0.0,-7.978104992302751,0.0,-1.9163656496714727
428,7.9512442902599885,3.908231510585468,-4.04301277967452,1.4217759574001216,-0.923556833402009
467,7.9459518246378344,0.0,-7.9459518246378344,0.0,-1.7919905661104203
692,7.931242205049237,1.828036244406074,-6.103205960643164,0.9679952727907466,-1.2636249775681745
564,7.925602796370692,2.0382149380383012,-5.88738785833239,1.1152897612239074,-1.0863440999457428
163,7.90031225661915,1.3313657059045454,-6.568946550714605,1.3311272771103415,-1.6254230921559114
302,7.8848999025285105,1.035730970813162,-6.849168931715348,0.6084804058153881,-0.9221473779274568
202,7.875648753601705,3.3072762324322853,-4.5683725211694215,2.1818382147537063,-1.1981448687301095
544,7.861465368785699,6.539977309543657,-1.321488059242042,2.9093853182168035,-1.085591689749243
508,7.856384848076674,0.0,-7.856384848076674,0.0,-2.076630272706338
583,7.837440104488798,1.615830830915222,-6.221609273573576,0.9180864539803388,-1.1238036051006917
201,7.815305015269359,0.5116646881540755,-7.303640327115283,0.5116646881540755,-1.7663379740021865
222,7.7915354038631,1.3837030605417522,-6.40783234332135,1.3811890133517872,-1.6831864100575116
483,7.781169947306679,1.2003653077305845,-6.580804639576095,1.1988092475383905,-2.103945021850682
689,7.760620362954225,0.0,-7.760620362954225,0.0,-1.5656842037148784
334,7.727116302813521,2.1133828666341787,-5.613733436179342,0.9335463008902808,-0.9433830538601892
332,7.721973169514416,0.0014883683387316444,-7.720484801175683,0.0007441841693658222,-1.6970177301121436
275,7.714619130692823,0.6001880849887663,-7.114431045704055,0.5998159405192163,-1.2880693281602849
546,7.6439724770308315,0.0,-7.6439724770308315,0.0,-1.5846888938595096
273,7.620533021233586,0.0,-7.620533021233586,0.0,-1.6578875947919938
377,7.619149410125088,2.556832228549493,-5.062317181575594,1.2643216621125046,-0.897348846764125
250,7.616804111556366,3.666361172569597,-3.950442938986768,1.4070016282073046,-0.920778540982424
281,7.607772399808352,3.690222738209164,-3.9175496615991885,1.1574258491036942,-0.6027950904665824
691,7.56375551993146,0.05749113092176524,-7.506264389009695,0.05641686725779206,-1.6748234798374906
321,7.4652077314809695,0.9205599936948909,-6.544647737786079,0.6347850148561861,-1.266203338913884
447,7.449790656679109,0.0,-7.449790656679109,0.0,-1.3790406130289379
191,7.435245831521051,2.1601667469340633,-5.275079084586988,2.0860868641857144,-1.199763615535668
602,7.432398861223562,2.6291924315507567,-4.803206429672806,1.5145880578796396,-1.03281780826094
313,7.39768388090839,1.1170211410314497,-6.28066273987694,1.1170211410314497,-1.3292432044888491
179,7.3818523964251614,0.0007261044956962597,-7.381126291929466,0.0007261044956962597,-0.8838201751774837
162,7.3651163018611685,0.0009204250631612493,-7.364195876798007,0.00011505313289515615,-1.6845180470014491
184,7.362535017677448,0.00012071218389119878,-7.362414305493557,2.4142436778239757e-05,-1.2723273569323779
459,7.330526830657471,3.2686483962577992,-4.06187843439967,1.772915959147844,-0.9596185499185956
379,7.270949924368225,1.316239801172172,-5.954710123196055,0.8430423760997086,-1.3835590162132214
315,7.259747366534186,2.42766590034168,-4.8320814661925064,0.8582954365771468,-1.0146503992036096
505,7.239862123349095,1.1550179786378636,-6.084844144711231,0.6265463517360186,-1.1578322489308006
238,7.23209494891263,1.1909124308976522,-6.041182518014977,1.1563381300855198,-1.5153402605158175
520,7.196587346779158,1.3414962031213093,-5.855091143657849,0.8347860480937184,-1.585226290873038
364,7.174913745423704,1.9015407681304417,-5.273372977293262,1.1689109562602042,-1.770157940468646
601,7.1407558976648,0.9654209403703948,-6.175334957294405,0.9654209403703948,-1.0867722832058149
220,7.113765740141919,0.0,-7.113765740141919,0.0,-1.3986409110749745
423,7.092881871621739,2.159240076859645,-4.933641794762094,1.51019002472728,-0.999268860896376
168,7.089503127911898,1.0679659673069817,-6.0215371606049155,0.849821128909259,-1.2257781895176012
274,7.071800159156258,0.7812234983203433,-6.290576660835914,0.696805659716388,-1.3045475261000723
477,7.06803742255105,3.166335700085881,-3.9017017224651696,1.1179162736749548,-1.4845638022405807
279,6.9927596780252,1.0248159191482507,-5.967943758876949,1.0207999133402288,-1.6435725142822806
701,6.982523411364245,0.7590671703106111,-6.223456241053634,0.5126838692244743,-1.4859756744805508
563,6.908104539952321,0.0,-6.908104539952321,0.0,-1.643822372209862
127,6.8886010459863884,0.0022886770698084613,-6.88631236891658,0.0009712338372526207,-1.262063171996541
322a,6.859960671428372,1.3909092321193417,-5.469051439309029,0.8506562754850234,-0.8968605137428116
588,6.834137555507603,2.9897008837959067,-3.844436671711696,1.6308001429972552,-1.3262131537928867
617,6.798714871559047,0.34805459496689,-6.450660276592157,0.3210454593266036,-1.4584821170562419
156,6.794605452156734,1.8911363214665253,-4.903469130690209,1.8906903600603544,-0.9230322569786076
635,6.775490260667211,0.0,-6.775490260667211,0.0,-2.5367974053337345
582,6.767166234164694,1.4014204226131226,-5.365745811551571,0.9297934067742852,-1.1087123551660814
494,6.759152618245705,0.0,-6.759152618245705,0.0,-2.5030237574457166
270,6.755078236767737,2.484395348427659,-4.270682888340078,0.9654493247968144,-0.9413749924295656
170,6.734470962528763,0.8774970613452961,-5.856973901183467,0.8774970613452961,-1.3127015539229463
116,6.71914414638537,1.2565532266345978,-5.462590919750772,1.2558878076751103,-1.2871019356307023
687,6.695188600121633,1.5444918985907885,-5.150696701530845,1.5444918985907885,-1.1377684784214712
375,6.694174528727159,2.0031978383636115,-4.690976690363546,1.9991155687333533,-1.2744344552016649
277,6.691526661842319,0.0,-6.691526661842319,0.0,-1.278619547549149
456,6.688509559305028,2.2557020726873844,-4.4328074866176435,2.2553026024013256,-1.6698015818861902
39,6.6777242594757125,0.5823272545388453,-6.095397004936866,0.4851924286622768,-1.1280441105280872
676,6.668231764697724,1.335410697823724,-5.332821066874001,1.335410697823724,-1.8482734765989437
414,6.634149813867902,0.5417435302205775,-6.092406283647325,0.36066005466351625,-2.057253262325099
244,6.62463569242963,1.2383099734213259,-5.386325719008304,1.2383099734213259,-0.7285463472838704
506,6.623195507808606,0.0,-6.623195507808606,0.0,-1.623766952078726
96,6.613367701307347,0.00012180465867886823,-6.613245896648667,0.00012180465867886823,-1.2328369617762602
265,6.599273715261826,0.0,-6.599273715261826,0.0,-1.9188315766110655
260,6.59388218322766,0.5641604493788377,-6.029721733848823,0.30120873434422546,-1.0356268240895503
79,6.58052410285553,0.7224734903341888,-5.858050612521342,0.7224702916118172,-1.468722654554704
203,6.566208012890273,1.134144658299694,-5.43206335459058,0.6291059294536743,-1.3891802273411331
91,6.553617325983786,0.7994990076254169,-5.754118318358368,0.6385318196749177,-1.7291556918015674
309,6.50215410551951,0.6711281145475733,-5.831025990971937,0.6711281145475733,-0.9820628297838588
289,6.496520466280545,0.1627753370392694,-6.333745129241275,0.1627753370392694,-1.3516678647306564
139,6.496077216105367,1.9276609165953373,-4.568416299510029,1.9236112798577685,-1.5972095157834296
576,6.4626724863946565,1.1664258842979571,-5.2962466020967,1.1664258842979571,-1.1006920691816255
382,6.460124604167077,1.9902404318929703,-4.469884172274106,1.9872526410899891,-0.954059436762644
380,6.423461099230007,0.7955124218033139,-5.627948677426693,0.7946356849101465,-1.2020133959090202
266,6.381350018532928,0.0,-6.381350018532928,0.0,-1.9064534108411317
453,6.32118806605545,0.9614688974992102,-5.359719168556239,0.9588856164293568,-0.9908171035257304
488,6.291369969206957,2.740277632111456,-3.551092337095501,1.6381644109926259,-1.0849698759006023
319,6.288179607089953,0.5522966954471179,-5.735882911642835,0.3891162463116365,-1.0156888936296002
245,6.287365551364096,3.2467102787437288,-3.0406552726203655,1.4072425668084805,-0.7709322522283869
535,6.2721502938613565,1.3159204627410088,-4.956229831120348,1.1510894952455963,-1.427021046145443
389,6.263227777365104,3.126970317407762,-3.136257459957343,0.998564729587772,-1.4811371037154748
128,6.252941472617364,0.5026141825376442,-5.750327290079719,0.5026141825376442,-1.1548231634433717
677,6.222663494903684,0.29436519509098674,-5.928298299812697,0.29436519509098674,-1.2049166200095345
528,6.218094424969285,0.2741631863374004,-5.943931238631885,0.2731880125311145,-1.6590771138216767
282,6.1623146041922086,1.427109796149686,-4.735204808042521,1.0550524322012227,-1.0337139858491602
256,6.155056610909931,0.0,-6.155056610909931,0.0,-1.4115618925369595
592,6.1458327135028386,0.24657368013196343,-5.899259033370876,0.1756657055918728,-1.7535657233558861
365,6.0929916839633265,2.8713253256694706,-3.2216663582938567,1.1494554742220708,-1.4495063546806215
422,6.067937854278183,0.0,-6.067937854278183,0.0,-1.3218867242312826
686,5.993054706197722,1.6954007055686944,-4.297654000629028,1.6638785969221614,-1.3783699188111953
354,5.986878258078751,0.8173889029655057,-5.169489355113245,0.6753342559756433,-0.8174421819167541
192,5.974393407837902,1.280616741099345,-4.693776666738557,1.2778828492017442,-1.1707602841171416
55,5.969762468751947,2.0959838946963534,-3.8737785740555952,1.5438614456330808,-1.2228571851408272
435,5.955719114401308,0.5233037606743065,-5.432415353727001,0.5229181127795689,-1.3400974442227127
37,5.950160120610423,4.046794706188257,-1.9033654144221663,2.0868241309842337,-1.0031122435028568
172,5.941794496879309,1.7268780187073958,-4.214916478171913,1.664933155834719,-0.8058922466917549
690,5.933943730656954,0.18251054382278176,-5.751433186834172,0.18251054382278176,-0.9033624212816888
305,5.9241686468451125,0.0004978171252467362,-5.923670829719866,0.0002515158765671246,-0.7283213741295955
174,5.894222516026208,0.0,-5.894222516026208,0.0,-1.3125338723123818
569,5.841457202084381,0.4210626253456522,-5.420394576738729,0.24914953490984096,-0.9092043676624216
542,5.810852611384491,0.0,-5.810852611384491,0.0,-1.2994857030688507
663,5.797176168388598,0.0,-5.797176168388598,0.0,-1.0476902420756846
596,5.788988097768655,0.9525527736735694,-4.836435324095085,0.7480607944731034,-1.3898836307936209
673,5.786055979016518,0.0,-5.786055979016518,0.0,-2.043202209811457
653,5.748138708555583,0.0,-5.748138708555583,0.0,-1.1368639198160042
496,5.7151651825579295,0.00010416094828615182,-5.715061021609643,4.965063475860847e-05,-1.4234287215239023
591,5.708652336302388,0.0,-5.708652336302388,0.0,-1.622684613962729
646,5.7055151902442685,1.9528788384628357,-3.752636351781433,1.1021331867129736,-1.5849558531177657
45,5.6945136708857165,8.462880032244317e-05,-5.694429042085394,8.462880032244317e-05,-1.5848778719208336
242,5.684692014750787,1.2052840004683476,-4.47940801428244,1.2052840004683476,-2.2860344594609496
466,5.657604746999626,1.3210709901042859,-4.33653375689534,1.2312140944621714,-0.9238393221466558
493,5.6467326982123724,0.6879330482507773,-4.958799649961596,0.6875971206772941,-1.578950678802764
276,5.5530714413830955,0.0,-5.5530714413830955,0.0,-0.9992490571772008
545,5.517220960499547,1.9736381277398107,-3.543582832759736,1.407503671822166,-0.8075859432385181
346,5.51284184602814,0.6308239656138921,-4.882017880414248,0.398019787598005,-1.4458460874018881
312,5.430045532088059,0.0,-5.430045532088059,0.0,-1.4129420519255167
421,5.428379387533381,2.1734238630784604,-3.25495552445492,1.152808825498888,-1.4852507611682533
154,5.418332548396595,0.28734234407992154,-5.1309902043166735,0.28734234407992154,-1.5900495649710409
587,5.385194645782085,0.08994466311508689,-5.2952499826669985,0.08891542147982401,-1.4928469820783117
650,5.377157030290497,0.18418950135572032,-5.192967528934776,0.11434214120177355,-1.2638682662998102
666,5.376973756763705,1.4017066790386732,-3.975267077725032,1.4017066790386732,-1.000178361392985
199,5.341602690859886,2.752226123813899e-05,-5.341575168598647,6.880565309534747e-06,-1.0910239725653008
248,5.336615460305012,1.7458227801172492,-3.590792680187762,1.4580852376801938,-1.1634396365029323
253,5.2964607289629395,1.232172664357298,-4.064288064605641,1.0665807383251793,-1.0837434295752124
574,5.286433888014029,0.9719635700848375,-4.3144703179291914,0.8719174210143991,-1.7029211260821864
445,5.244129701386254,0.0,-5.244129701386254,0.0,-1.7843149974961852
159,5.155683108219098,0.0,-5.155683108219098,0.0,-1.5824706597951617
157,5.112549441365627,3.0246685586261354e-05,-5.112519194680042,1.0082228528753785e-05,-1.1176113252525008
361,5.10187838454673,0.0,-5.10187838454673,0.0,-1.8432289697151416
567,5.094745931294147,0.34204970867695084,-4.752696222617196,0.34204970867695084,-1.088026718724323
251,5.015180309482424,1.3438477712478327,-3.6713325382345907,1.342259926883886,-1.0962645133144908
603,4.9439905095803836,2.2135220358376895,-2.730468473742694,1.4176859691997818,-0.6809545127093568
257,4.939167030877404,1.9614710043746242,-2.9776960265027816,1.5047149143072285,-1.3743312482131078
36,4.935772316997816,0.6891236298367969,-4.246648687161018,0.4214596267278911,-1.2945714048123684
451,4.85456004467496,0.6604402395530475,-4.194119805121912,0.6164723817627435,-1.5456609414812499
482,4.801567531758921,0.00027012504668160733,-4.801297406712239,0.00027012504668160733,-1.7784660336721037
685,4.760342354359903,0.0,-4.760342354359903,0.0,-1.4084257953087176
93,4.731948829247639,0.8575996163841546,-3.8743492128634838,0.8575996163841546,-1.5281545074553118
395,4.7229946088594215,1.2461393942400085,-3.476855214619414,1.245802205479413,-0.8978878119108401
237,4.705828697552523,0.9007893211820771,-3.8050393763704453,0.9007893211820771,-1.893680361022308
651,4.690869222736781,1.0855432479101184,-3.605325974826664,1.0835658812841622,-0.4595775758028247
578,4.669422817228226,0.0,-4.669422817228226,0.0,-1.1792569399799708
41,4.644248669839753,0.25533202323672244,-4.38891664660303,0.2538904686190961,-1.7972090547898951
233,4.64259411776181,1.1569959428887435,-3.4855981748730676,1.1569959428887435,-1.2661194509456055
661,4.625898589511965,0.9907503969043433,-3.6351481926076215,0.990386844922314,-0.9779035432920794
539,4.621556229078246,2.6051760179162313,-2.0163802111620157,2.0213934411816843,-1.1705708975242486
280,4.6085359595702995,2.3173356008904387,-2.291200358679861,1.090075687239591,-0.8211760216687315
299,4.605583898780296,0.0,-4.605583898780296,0.0,-1.1239492110810851
454,4.5883503838961825,0.0,-4.5883503838961825,0.0,-1.5397059151439103
69,4.58628712806011,0.488793087469645,-4.097494040590463,0.4824291148565806,-0.9995804544061136
525,4.566479597216221,0.023049601850763924,-4.543429995365457,0.023049601850763924,-1.8348494394100392
353,4.502471115101509,0.0008009130222678858,-4.50167020207924,0.0008009130222678858,-1.213253892042537
608,4.461578943180487,0.4259759445978951,-4.035602998582592,0.4259759445978951,-1.0243779562376547
499,4.4496141609866475,1.1039111459009026,-3.345703015085745,1.0850946669017427,-0.8886660342898194
52,4.4428300731646875,0.3668205334565204,-4.076009539708168,0.3668205334565204,-0.9728717166917394
219,4.415051739863183,0.0,-4.415051739863183,0.0,-1.3598395143530189
662,4.401099823533546,0.5989297010056174,-3.802170122527928,0.3444992427627867,-1.589855306436396
107,4.363396627646081,0.0,-4.363396627646081,0.0,-0.6782806270816288
40,4.354737099431655,0.2562825866161328,-4.098454512815523,0.25441963196107875,-1.060559542167522
303,4.349143912759001,0.6007659990496664,-3.7483779137093354,0.6007659990496664,-0.7283023021287622
329,4.311514509591034,1.131508285915797,-3.180006223675238,0.6221724112041949,-1.065833375825862
597,4.308906040690961,1.9690723021352836,-2.3398337385556776,1.2652618648218432,-0.8087905262054782
604,4.301703257747549,0.28054005237399604,-4.021163205373552,0.28054005237399604,-1.2917882605233508
623,4.252945494974885,0.4039021733375666,-3.8490433216373168,0.4039021733375666,-0.8485466936892528
182,4.210623483665786,0.0,-4.210623483665786,0.0,-0.7633640870912723
317,4.203169973725484,6.179421100348076e-05,-4.20310817951448,2.0598070334493585e-05,-0.8529047572921324
538,4.087432593210126,0.0006279908886276296,-4.086804602321498,0.0006279908886276296,-2.750980110809362
43,4.061945956050794,1.3576428490263834,-2.704303107024411,1.3512884898581945,-0.8005326755565617
593,4.018410727834339,0.4396940809964436,-3.5787166468378953,0.284490874954591,-1.0869445403484113
177,3.9984151779091457,0.001326279220016175,-3.9970888986891295,0.00018946846000231072,-0.8468236507108968
38,3.9864780996762863,1.1223483013322044,-2.8641297983440817,1.119326887102217,-0.6563638180110338
307,3.9511282879902194,0.015796926888604873,-3.9353313611016145,0.015796926888604873,-1.266272383482019
416,3.9394876927992124,1.8246304181703352,-2.1148572746288776,1.1309519685830334,-0.8289332467415746
682,3.9273512571042017,1.2669283850865558,-2.660422872017646,1.2669283850865558,-0.7244863459630799
473,3.839242745543909,0.0,-3.839242745543909,0.0,-1.4538773457365144
579,3.834285141546191,1.0452845195100842,-2.7890006220361077,0.5935745855135349,-1.8012323695482686
622,3.810197082696142,0.0,-3.810197082696142,0.0,-1.3163001412093167
301,3.7676771826470747,0.05211780697918157,-3.715559375667893,0.05211780697918157,-0.4784795186749689
258,3.762039184983338,0.10542228412541113,-3.6566169008579275,0.1046077163722244,-1.104014248132563
284,3.746885123785709,0.0,-3.746885123785709,0.0,-0.7289484439789604
42,3.7452640247225624,0.0004540853459876749,-3.744809939376575,0.0004540853459876749,-1.2632678497443035
175,3.741593520457362,0.9895403917715497,-2.7520531286858123,0.6725584580741959,-0.9797533188036924
125,3.7313193320649125,0.0,-3.7313193320649125,0.0,-1.0826332114905766
122,3.7289275814632723,0.00023122095208793169,-3.7286963605111842,0.00023122095208793169,-0.6578702996584999
129,3.7046784475656533,0.0,-3.7046784475656533,0.0,-1.086720091570269
654,3.6991328593042043,0.00112062452712751,-3.6980122347770767,0.0002258576518705621,-1.2629225599743863
371,3.69505441715443,0.001300811550252846,-3.6937536056041766,0.0011488805265417216,-0.8967196890432533
527,3.6598395782117237,0.7866042651790697,-2.8732353130326542,0.7859258164035674,-1.6447746896688966
324,3.6433229954502613,0.0,-3.6433229954502613,0.0,-0.7567612819114506
100,3.6409619680614775,0.19482109963382335,-3.446140868427654,0.19385999336166354,-1.0424715849206705
218,3.59161332182053,0.5881663570880221,-3.0034469647325075,0.5881663570880221,-0.828570751270417
167,3.587819572964439,0.16355531486043254,-3.424264258104007,0.16029902354283787,-1.2653271530863437
531,3.56078617778214,0.4393897187097099,-3.12139645907243,0.4393897187097099,-1.4457205080772548
131,3.5573038771668752,1.6225781128922192,-1.9347257642746565,1.3070664221304693,-1.442696656344945
283,3.5487865387499435,1.3734213921278375,-2.175365146622106,1.1940586968277696,-0.6097166068915799
498,3.4909142230123122,1.760566464858459e-05,-3.4908966173476634,2.934277441430765e-06,-0.6493354462778644
259,3.4772729633159023,1.9193723643036313,-1.5579005990122705,0.9661208588813688,-0.33673997129773925
314,3.4716825950026955,0.15086855954299205,-3.3208140354597036,0.15086855954299205,-1.3778563475903396
584,3.4336829143085694,0.0,-3.4336829143085694,0.0,-0.9439176476895844
555,3.41917450972941,2.7721796242803616,-0.6469948854490484,2.39035164155594,-0.3200314932865501
225,3.415930848409486,0.6958523277781486,-2.7200785206313376,0.6940745407951237,-0.9423776382467752
205,3.415345920315547,0.094140352834927,-3.3212055674806202,0.094140352834927,-1.1987234952423111
59,3.401729165930112,0.001081725206137631,-3.400647440723974,0.00015453217230537584,-1.028128574102419
73,3.3870655425938976,2.117977859669871,-1.2690876829240259,1.46294089376582,-0.5435822393101275
457,3.3778370661200796,0.00017222509019493908,-3.3776648410298846,0.00017222509019493908,-1.2059619852260879
263,3.3703844504871148,4.166718183105656e-05,-3.3703427833052837,2.083359091552828e-05,-0.6992717714298049
489,3.367081499503836,0.0,-3.367081499503836,0.0,-1.015999571276223
458,3.351259873400243,1.8463764467911643,-1.5048834266090791,1.0906442228153148,-0.5275952590747771
35,3.342435201666307,0.0005332138755542496,-3.3419019877907528,7.617341079346423e-05,-1.5857567023379189
74,3.3297467536497702,0.27211515562821065,-3.0576315980215596,0.27211515562821065,-0.8479742133050165
158,3.321946251524474,0.0,-3.321946251524474,0.0,-1.8565607972885336
522,3.3122548315918623,0.0,-3.3122548315918623,0.0,-1.1413419696859473
558,3.2656035260096132,1.1418355494327965,-2.1237679765768163,1.1411498243716491,-0.8510588855992332
294,3.2372074402752418,0.0010896769902524024,-3.2361177632849896,0.00020747147095572625,-1.0241972326653663
291,3.2199560614529874,1.099058000328334,-2.120898061124654,0.8875785048804952,-0.587384598569527
670,3.1890750861445047,0.13758846681633075,-3.051486619328174,0.13758846681633075,-0.6280989367247889
359,3.1882218465024152,0.2625071519531355,-2.92571469454928,0.2625071519531355,-1.2505266035154274
383,3.1826138731102573,0.0018156666998372243,-3.18079820641042,0.00036313333996744484,-1.0242735840026984
180,3.130069287009976,0.0,-3.130069287009976,0.0,-1.6992489612086377
239,3.1170456490136904,2.917756363532793,-0.19928928548089775,1.5681177997088027,-0.1761621288928272
511,3.102931030920937,0.37381998412475576,-2.7291110467961808,0.2826362932509451,-0.7409024056818767
367,3.0935221289278907,1.0717358529989063,-2.0217862759289846,1.0032239586457417,-1.0263732082570554
376,3.066618778179693,0.0,-3.066618778179693,0.0,-1.182857766323958
292,3.010789544622324,0.5293243652637607,-2.481465179358563,0.5293243652637607,-0.5959019119502555
176,2.9733334984623108,0.0,-2.9733334984623108,0.0,-1.2416057447807138
627,2.936599987114939,1.211157460882592,-1.7254425262323467,1.0724896212461823,-0.4454714422965657
261,2.8843683867510803,0.8256419545911052,-2.0587264321599745,0.824954627511702,-1.0244258492077962
562,2.873094593677563,0.0,-2.873094593677563,0.0,-0.48501743145451703
606,2.8657733010353432,0.0,-2.8657733010353432,0.0,-1.5098101874861138
472,2.821870490282773,0.0,-2.821870490282773,0.0,-1.0854825966230648
54,2.8127099624594063,0.0,-2.8127099624594063,0.0,-0.7941956892204729
517,2.7949282339878847,0.6626315658112469,-2.1322966681766378,0.6626315658112469,-0.4582158476143267
529,2.77465415405009,0.0,-2.77465415405009,0.0,-1.0905316427210885
228,2.77093256123818,1.6913879673533734,-1.0795445938848065,1.6793255637266238,-0.626181638233432
342,2.765523755200146,0.12341389451017873,-2.6421098606899673,0.12341389451017873,-0.7748545212953317
366,2.715770183626649,0.0022387226052371987,-2.713531461021412,0.0005199577536063486,-1.2860943038023795
487,2.6837347372729887,0.6362625606681479,-2.047472176604841,0.3319733919643121,-1.4927310244623329
165,2.674375706290972,0.0012512635887136246,-2.673124442702258,0.0001787519412448035,-0.8349587847295529
503,2.6707315641506435,0.0,-2.6707315641506435,0.0,-1.9856114618907856
296,2.6584614130386823,0.0,-2.6584614130386823,0.0,-1.8183937688884388
126,2.657112911566468,0.8747391319292235,-1.7823737796372445,0.8740101324240663,-0.7848015011189912
559,2.6281856714906033,2.20474293471527,-0.42344273677533295,0.9399131460037232,-0.33612098027952186
642,2.619860104672358,0.0014622227101688695,-2.6183978819621894,0.000402197266517535,-1.6001520856779583
468,2.6057291969504797,0.7158358889069132,-1.8898933080435665,0.4448243989005621,-0.5564509669701471
387,2.5861188458505797,1.300215816033335,-1.2859030298172447,1.295890368345688,-1.1425878321384155
427,2.554219875199742,0.0010107304456053257,-2.5532091447541365,0.0010107304456053257,-0.9389782788407092
391,2.5504927142057454,0.0,-2.5504927142057454,0.0,-0.4570465617096681
672,2.5456672615493408,0.0,-2.5456672615493408,0.0,-0.6706395764385018
521,2.5226848257577954,0.2902012170518842,-2.2324836087059112,0.2858914181856318,-0.8071786741877999
226,2.515170311118719,0.6030455412205653,-1.9121247698981538,0.5956919638659897,-0.766711313247511
470,2.492539177875026,1.1509153079829988,-1.3416238698920278,1.0100535068814132,-0.5091927446040625
349,2.4913982499976015,0.0,-2.4913982499976015,0.0,-0.9396293567125968
247,2.46143236281275,0.0,-2.46143236281275,0.0,-0.7623186079340882
378,2.46093994591565,0.0,-2.46093994591565,0.0,-0.9447013631286632
449,2.4499317321440515,0.0,-2.4499317321440515,0.0,-0.6423619711517121
675,2.438604052039497,0.2766150644901842,-2.1619889875493126,0.2766150644901842,-1.028741374893399
262,2.4383461608309394,0.018643560210875668,-2.4197026006200635,0.018643560210875668,-0.683503879749663
385,2.429967927046978,0.015027555167982626,-2.414940371878996,0.013556418878570323,-1.0253008202701954
333,2.3827984245674934,0.3674595422159004,-2.015338882351593,0.3650606969732537,-0.6291894839180138
526,2.3646426667519624,0.018301716882941434,-2.3463409498690204,0.017050758704735457,-1.0879310634320285
631,2.355212566495658,0.4926146725808606,-1.8625978939147967,0.4926146725808606,-1.003442157980721
660,2.354998485431609,1.1403905082420378,-1.2146079771895713,1.134655269950565,-0.4064563545055496
541,2.298293589611721,0.005690776261637602,-2.2926028133500838,0.0006067894909294968,-1.4680488174094155
628,2.284560356188898,0.006721828648381035,-2.2778385275405175,0.0006110753316710031,-0.993848568077556
669,2.2796926813264604,1.3035009169444904,-0.9761917643819698,0.9066374770446436,-0.2639300622532271
288,2.265822812425599,0.6734265386007299,-1.5923962738248694,0.6711554569060934,-0.9955891756870298
536,2.264651307738327,0.7741859649297649,-1.4904653428085626,0.6020777037569895,-0.4591484386926378
450,2.2529793529791484,1.735310692762642,-0.5176686602165065,1.2518144844860992,-0.2911844470412633
193,2.2211643814607522,0.0,-2.2211643814607522,0.0,-0.9701181173383988
286,2.186580260476619,0.2610611265993969,-1.9255191338772215,0.2610611265993969,-1.127848361712958
196,2.1837575032942222,0.0021137308371888966,-2.1816437724570337,0.000260842771123183,-0.4748431187198787
497,2.1798351580152326,0.5788280927149149,-1.6010070653003172,0.5775203345428853,-0.4637906390336573
181,2.176107506471183,1.6801863933051517,-0.4959211131660309,1.0276701766955303,-0.24674387591804745
572,2.127895539773302,0.0018021042217089334,-2.1260934355515926,0.0001802104221708933,-1.4965628018514583
501,2.114406319351572,0.7149521751805055,-1.3994541441710677,0.7114611576033218,-0.4850909370960787
345,2.0988278559460802,0.9538880889511246,-1.1449397669949557,0.9477566278258353,-0.7562407701323091
469,2.075401501988698,0.16021286065899093,-1.9151886413297066,0.15961375584291682,-0.9783541603162856
540,2.065195219343749,0.0005778216653266406,-2.064617397678423,0.0003951418525433671,-1.074489014901591
580,1.9050125830838147,1.0084099360739973,-0.8966026470098177,0.9069280415400488,-0.5411428287424151
298,1.8236686634240105,0.2336351278594308,-1.5900335355645796,0.2330620315599115,-0.8723265938434575
530,1.81252595369062,0.0,-1.81252595369062,0.0,-0.8635282813603079
681,1.7671486507196785,0.35055445521268713,-1.4165941955069916,0.3439636056704811,-0.4848341927333135
523,1.7201850683488917,0.0006614510880357588,-1.7195236172608563,5.51209240029799e-05,-0.4603941431230415
571,1.6828779201634176,0.3327419646391375,-1.35013595552428,0.3327419646391375,-0.7364428677655268
486,1.6161766075182056,0.0008327871141864205,-1.6153438204040194,0.00013879785236440342,-0.37629790526462
272,1.5984014679223195,0.005304873056851545,-1.5930965948654678,0.0004666975844462808,-0.6083722694175141
680,1.5856639409271691,0.0016593623435045824,-1.5840045785836643,0.0007955448392444573,-0.4593577453751712
547,1.4811262331379333,0.2744342405026607,-1.2066919926352722,0.259386829823625,-0.9818096596270492
390,1.4127289631398245,0.0,-1.4127289631398245,0.0,-0.5566784243575023
598,1.4117592503530076,0.00010107147746312014,-1.4116581788755445,0.00010107147746312014,-0.4853257556927785
683,1.410899098275063,0.18002697772688184,-1.2308721205481814,0.18002697772688184,-0.4855056226608647
566,1.2819890530178257,0.37225099913057763,-0.909738053887248,0.3711418656983566,-0.50377985201111
610,1.2386841659068941,0.2450539659028551,-0.993630200004039,0.2450539659028551,-0.4045884719693937
331,1.2174777831556183,0.0,-1.2174777831556183,0.0,-0.6062381357744545
614,1.1973336930228884,0.0009708606724640667,-1.1963628323504243,6.579876976186156e-05,-0.6326419884416175
533,1.0822647433721504,0.6738410707156397,-0.4084236726565107,0.42140512607359343,-0.4083614326915099
679,1.0315053855373,0.0,-1.0315053855373,0.0,-0.3107297527297868
678,1.0032253677061014,0.007366172556978324,-0.995859195149123,0.0015467683840728814,-0.3337517659546764
370,0.9816313999364706,0.3473289393704322,-0.6343024605660381,0.3207527561790546,-0.26607625612189234
235,0.7694968885164737,0.0,-0.7694968885164737,0.0,-0.7604123899250138
338,0.605992319713047,0.0,-0.605992319713047,0.0,-0.4047291492994463
368,0.563034005687542,0.005817149376839416,-0.5572168563107026,0.0009643290373403447,-0.28624916575910403
537,0.35880427536546844,0.0003614299894351042,-0.3584428453760333,0.0003614299894351042,-0.2701831468259257
532,0.3440104728149762,0.11998262122286847,-0.22402785159210767,0.11998262122286847,-0.1707315121123623
418,0.1483950563501429,0.07353611071125796,-0.07485894563888498,0.07278703451246953,-0.054532870828039134
